criterion,max_depth,min_samples_leaf,treino_media,treino_dpa,validacao_media,validacao_dpa,diferenca_media,diferenca_dpa
gini,1.0,1,0.3765149440075664,0.0019064208226408773,0.37534588143219116,0.0036039878905226442,0.0024534109618150057,0.0017606884502202698
gini,2.0,1,0.6141758047716868,0.0024512296705810244,0.6109944983604925,0.006600499658945211,0.006929914883459576,0.006219692629307272
gini,3.0,1,0.8129830866339042,0.006453120348290233,0.8069427423767372,0.01221036409556232,0.014141509176625999,0.012121377916008907
gini,4.0,1,0.8747255997237031,0.003161735322510949,0.8677746568026519,0.01315866298500077,0.012019399965267552,0.01129922469324244
gini,5.0,1,0.9121985088784991,0.004693836090958319,0.9058387458402434,0.012877079301549089,0.009173254826573963,0.010758716568886145
gini,6.0,1,0.9213263816249395,0.0009523734627368245,0.9138467011922838,0.012991932736424662,0.008695773804368345,0.01284559588344249
gini,7.0,1,0.9240816911315385,0.0008995748791594992,0.9138363288580621,0.012734572572417455,0.010245362273476522,0.013511957115550654
gini,8.0,1,0.9296760398674071,0.0020983193319950477,0.9135379600743398,0.011879762737564279,0.01613807979306714,0.013131880130222774
gini,9.0,1,0.9355904942196531,0.0019524310906674006,0.9173799793854188,0.008934596402735326,0.01821051483423448,0.009390333674950195
gini,10.0,1,0.9401396362380211,0.003411767359357528,0.9184358527170986,0.011446765265824239,0.021703783520922525,0.01117276245614318
gini,11.0,1,0.9470973302373553,0.0017799393737965665,0.9206096683548269,0.01197573255428581,0.026487661882528248,0.012724036268817893
gini,12.0,1,0.9518735330255146,0.0005977726770766617,0.9214238913121046,0.01114959937272869,0.03044964171341018,0.01151310010555206
gini,13.0,1,0.956125928845934,0.0008889342626239769,0.917484868008682,0.008007367138474709,0.03864106083725205,0.00860340138594085
gini,14.0,1,0.9596885666913646,0.0012853387205105332,0.9186604326023806,0.004944543254896451,0.04102813408898407,0.00595888259995287
gini,15.0,1,0.9638025161016088,0.0016545932331839869,0.9158596451090626,0.005046184957177681,0.04794287099254617,0.006074371478471632
gini,16.0,1,0.9678679375739521,0.002190638175581012,0.9106542162279172,0.005707223940989033,0.057213721346034904,0.007428517214223502
gini,17.0,1,0.9717472753404957,0.0020248004964747825,0.9077509306458413,0.00412840889083286,0.06399634469465429,0.005684126159359241
gini,18.0,1,0.9747555121720588,0.0023060951255990266,0.9052037284580032,0.003886601033663606,0.06955178371405528,0.005432842017094996
gini,19.0,1,0.9785049697089511,0.0022079396153137027,0.8999143482930541,0.004190141656981837,0.07859062141589701,0.005940671234297844
gini,20.0,1,0.9817358060057682,0.0012760293383313672,0.8974477358388008,0.005017481157051559,0.08428807016696742,0.005323813620355229
gini,21.0,1,0.985393707018345,0.0010141919720025876,0.8890519400674366,0.003673871229749523,0.09634176695090838,0.004670224157743344
gini,22.0,1,0.9890113315119182,0.0004956722517830512,0.8889275002316935,0.0042567929370822466,0.10008383128022462,0.004711720692450096
gini,23.0,1,0.9917448390622257,0.0008007908939337961,0.8882300460361092,0.007510748629952733,0.10351479302611652,0.008169237517880592
gini,24.0,1,0.9938238206006436,0.0008281289997699076,0.8822990434958451,0.006218501497361588,0.11152477710479836,0.006538053064248659
gini,25.0,1,0.9956361830046541,0.000708903474553035,0.8801264277090901,0.006706990817996,0.11550975529556388,0.0071185154671163115
gini,26.0,1,0.9968018784716911,0.0012687883481895305,0.8779583799058329,0.005314289538019282,0.11884349856585821,0.006121506408144899
gini,27.0,1,0.9977277767480187,0.0013850834639655232,0.8817570748103328,0.005714211405957699,0.11597070193768597,0.006310371190792185
gini,28.0,1,0.9986026405235957,0.0011300419910127044,0.8781423017219397,0.0027169430259126313,0.12046033880165592,0.0034954399223360083
gini,29.0,1,0.9992132726737211,0.0008787842855060361,0.8782253612163974,0.003515925205480833,0.12098791145732353,0.0042121735011939115
gini,30.0,1,0.9995745825842794,0.0006165476358709154,0.8769653607043738,0.005450310180123153,0.12260922187990553,0.005743085671491935
gini,,1,1.0,0.0,0.878438053181035,0.0040485952026426365,0.12156194681896511,0.0040485952026426365
gini,4.0,2,0.8745222130663644,0.0031601765221730854,0.8676399195373958,0.012999768399547989,0.011697393376862908,0.011293371427516016
gini,4.0,3,0.8743448223584327,0.00309233726165307,0.8676555761231552,0.012949037281479258,0.011522128063964243,0.011168548805949181
gini,4.0,5,0.8743139647612239,0.0030987777077001863,0.8680439408933973,0.01278261399499677,0.011605570636146024,0.010685050436337776
gini,4.0,7,0.8743139647612239,0.0030987777077001863,0.8680439408933973,0.01278261399499677,0.011605570636146024,0.010685050436337776
gini,4.0,10,0.8743139647612239,0.0030987777077001863,0.8680439408933973,0.01278261399499677,0.011605570636146024,0.010685050436337776
gini,4.0,15,0.874048127440472,0.003356933204872377,0.8675542573547833,0.012520125629480013,0.011381724418284023,0.01085051484854714
gini,4.0,20,0.8734479311595964,0.0035118309109655197,0.8664870518997194,0.014150876165615648,0.012063680199892768,0.011886626733379393
gini,4.0,30,0.871358205647893,0.003717572090705833,0.8646690907173827,0.013315949011461799,0.01229362955159632,0.011712353952369142
gini,4.0,50,0.8704097730690503,0.0035172986184585147,0.8637506925647095,0.015050478229396582,0.012447538748972132,0.011778152457370222
gini,4.0,75,0.8661374384747254,0.00513230408226354,0.8593975061501913,0.01526366962273594,0.01212509620889175,0.011870085344518715
gini,4.0,100,0.8624308702796561,0.005197887758048637,0.8564780456393558,0.01670993613693122,0.01083351327537534,0.011175783763720939
gini,4.0,150,0.8566125778860838,0.008551440228459993,0.850024247712437,0.017042931228701524,0.011801946553690934,0.010113626071697905
gini,4.0,200,0.8482370768775365,0.009906063574454007,0.8426749144760424,0.021622227079731868,0.00973467900275531,0.01067409975042211
gini,4.0,300,0.8149231797915772,0.010020318778120789,0.8066696049983493,0.020784905395675696,0.015020380600670302,0.008554392595130364
gini,4.0,500,0.791320993749653,0.007455003238500533,0.7839144876059638,0.014377875758836478,0.016226675364734388,0.011997622166447768
gini,4.0,750,0.7911166402612423,0.0066115040877843066,0.7862178765017347,0.013805731027137537,0.015428296478312852,0.011539491778219899
gini,4.0,1000,0.7785473516914194,0.003362178257498937,0.7718001702980011,0.014023759520017644,0.014947270326907968,0.009882073380570617
gini,6.0,2,0.9204435513008908,0.0011675318449867334,0.9144693510275888,0.012278390385831967,0.007606370674678553,0.012235989886065666
gini,6.0,3,0.9199035128055053,0.0011067722022565008,0.9140151952479931,0.012316692184192346,0.0069529853261942835,0.01248648101772282
gini,6.0,5,0.9197025877095619,0.0011192987953128532,0.9157689233011566,0.011803443909905035,0.00803350199597581,0.010428550793615775
gini,6.0,7,0.9195645892916617,0.0011819985969469039,0.9165521109608118,0.012097827128828217,0.008495026558467811,0.010253387098188018
gini,6.0,10,0.9188217979127098,0.0010689897448324748,0.9145942899199708,0.012279707903256424,0.008401851615180079,0.010593359070797732
gini,6.0,15,0.9179838249373636,0.0008727345204037118,0.9135521315330084,0.012872480989897093,0.007968070565883978,0.011480801019039116
gini,6.0,20,0.9167617002682616,0.00210566503469188,0.9126008101034099,0.011688450300072923,0.008443321282464434,0.011468612009831246
gini,6.0,30,0.9150291133559383,0.0023949029675125197,0.9105011141540749,0.012466071206086511,0.008787649292643595,0.012494952404557384
gini,6.0,50,0.9103071454880096,0.001382405956060037,0.9054884768164152,0.0138237618553054,0.00952001201571968,0.011440538354392904
gini,6.0,75,0.9018181594347403,0.0055182179089373765,0.8952167914897731,0.01563239440784573,0.010497047372372826,0.012708488160598165
gini,6.0,100,0.8858941050783684,0.011419375313178885,0.8827736199610445,0.019315365784875475,0.00894394555863629,0.009621042458365524
gini,6.0,150,0.8679636910548162,0.009275129917854185,0.8616717949096915,0.015097038295192029,0.012545569201027474,0.01024319637369631
gini,6.0,200,0.8521002657019838,0.006187750840242612,0.8460324733616138,0.01900988305353725,0.010114167437471044,0.011584993538765203
gini,6.0,300,0.8149231797915772,0.010020318778120789,0.8066696049983493,0.020784905395675696,0.015020380600670302,0.008554392595130364
gini,6.0,500,0.791320993749653,0.007455003238500533,0.7839144876059638,0.014377875758836478,0.016226675364734388,0.011997622166447768
gini,6.0,750,0.7911166402612423,0.0066115040877843066,0.7862178765017347,0.013805731027137537,0.015428296478312852,0.011539491778219899
gini,6.0,1000,0.7785473516914194,0.003362178257498937,0.7718001702980011,0.014023759520017644,0.014947270326907968,0.009882073380570617
gini,8.0,2,0.9276583313348942,0.001945385845989779,0.9129176442689921,0.011936406604054628,0.014740687065902036,0.012902463574367244
gini,8.0,3,0.926396658267587,0.0016591612263462327,0.9136483138079623,0.010906430189897244,0.012748344459624694,0.011887843576674455
gini,8.0,5,0.9254533101570287,0.0019001011730834223,0.9173119741550858,0.010357681811379053,0.008337984037055435,0.011240858445094494
gini,8.0,7,0.9249660097861618,0.0018338430113857727,0.917478036622908,0.010798222478727925,0.007487973163253625,0.011790719754910466
gini,8.0,10,0.9251628609612441,0.0008148605426302438,0.9167282307575586,0.01166584421458678,0.008513870539732493,0.011807450731024304
gini,8.0,15,0.9236895429970492,0.0009061571104247418,0.9155537046653839,0.012181073057322708,0.0089411216095725,0.012312396349554349
gini,8.0,20,0.9217497076887918,0.003010547921307336,0.9155360154180645,0.012033872047010053,0.0093899506041063,0.011601892972752704
gini,8.0,30,0.9182301785373784,0.0031414061983952054,0.9135302657771154,0.011645177966342275,0.008440578045617219,0.011285576719967029
gini,8.0,50,0.9137353403379898,0.0016730425867722116,0.9035981879759454,0.012430720940503839,0.01013715236204451,0.011472726858108418
gini,8.0,75,0.9062848673272346,0.007484645684726695,0.8988003989411737,0.015602687474179396,0.010788997130009248,0.011891612294074646
gini,8.0,100,0.8924799098306746,0.01058408536923211,0.8890127083917212,0.02130927509870011,0.008597229237006699,0.009883954753011051
gini,8.0,150,0.8704511261565369,0.006446653989368469,0.863316448400132,0.015343386456224002,0.011702787589747365,0.01085197642533292
gini,8.0,200,0.8521002657019838,0.006187750840242612,0.8460324733616138,0.01900988305353725,0.010114167437471044,0.011584993538765203
gini,8.0,300,0.8149231797915772,0.010020318778120789,0.8066696049983493,0.020784905395675696,0.015020380600670302,0.008554392595130364
gini,8.0,500,0.791320993749653,0.007455003238500533,0.7839144876059638,0.014377875758836478,0.016226675364734388,0.011997622166447768
gini,8.0,750,0.7911166402612423,0.0066115040877843066,0.7862178765017347,0.013805731027137537,0.015428296478312852,0.011539491778219899
gini,8.0,1000,0.7785473516914194,0.003362178257498937,0.7718001702980011,0.014023759520017644,0.014947270326907968,0.009882073380570617
gini,10.0,2,0.9359655220829117,0.003354467390184256,0.9176261090941159,0.01272210589391762,0.018339412988795913,0.012469856132320791
gini,10.0,3,0.9337595322593237,0.0034289769909526843,0.9187001706476681,0.012816591519969217,0.015059361611655797,0.01249641249483612
gini,10.0,5,0.9314314509733741,0.002809412997388464,0.9230155971528967,0.014063014678409357,0.009446867530674984,0.013150256724252291
gini,10.0,7,0.9312677059642261,0.0037836612261203705,0.9263942228781994,0.013012097610713527,0.007156367170364964,0.011202470982567289
gini,10.0,10,0.9305884644878958,0.0030114918966425964,0.922243465598729,0.013146357825441476,0.008344998889166667,0.01125924223294834
gini,10.0,15,0.9281987302923655,0.0026394085452304183,0.9200586974359621,0.014061546610248974,0.009748408915247864,0.011524158018757372
gini,10.0,20,0.9264832674282166,0.004960306641943509,0.9200080459855424,0.011570231252209044,0.008387164289489579,0.012107027819845366
gini,10.0,30,0.9221162572881056,0.002738071390885297,0.9167531137330753,0.010294014668032056,0.008603442967865593,0.01114642905308899
gini,10.0,50,0.9187235291312478,0.0021337332226608525,0.9095917008174815,0.012455487622342528,0.00913182831376631,0.01194272381075131
gini,10.0,75,0.9089320316556044,0.008070666687010416,0.9015776148526993,0.015238770205160823,0.010855032477404668,0.011809640296774056
gini,10.0,100,0.8924799098306746,0.01058408536923211,0.8890127083917212,0.02130927509870011,0.008597229237006699,0.009883954753011051
gini,10.0,150,0.8704511261565369,0.006446653989368469,0.863316448400132,0.015343386456224002,0.011702787589747365,0.01085197642533292
gini,10.0,200,0.8521002657019838,0.006187750840242612,0.8460324733616138,0.01900988305353725,0.010114167437471044,0.011584993538765203
gini,10.0,300,0.8149231797915772,0.010020318778120789,0.8066696049983493,0.020784905395675696,0.015020380600670302,0.008554392595130364
gini,10.0,500,0.791320993749653,0.007455003238500533,0.7839144876059638,0.014377875758836478,0.016226675364734388,0.011997622166447768
gini,10.0,750,0.7911166402612423,0.0066115040877843066,0.7862178765017347,0.013805731027137537,0.015428296478312852,0.011539491778219899
gini,10.0,1000,0.7785473516914194,0.003362178257498937,0.7718001702980011,0.014023759520017644,0.014947270326907968,0.009882073380570617
gini,12.0,2,0.9456456590963065,0.0005950301658580848,0.9208231980008982,0.010716010927777188,0.024822461095408244,0.010575729550134918
gini,12.0,3,0.942701532922473,0.0008666582244678526,0.9223729633853569,0.00955677781949606,0.020328569537116214,0.010190501667976618
gini,12.0,5,0.9399360779023068,0.001791257918635795,0.9292937988499474,0.00852393921419705,0.01099097519943939,0.009031427923444416
gini,12.0,7,0.9385203635345956,0.0018350061115905716,0.9314679535702923,0.008414733770549292,0.00715910366685728,0.009470644654740809
gini,12.0,10,0.9358489868620012,0.001153715771736759,0.926199610022897,0.010830961812693284,0.009915030122699143,0.010676757162738661
gini,12.0,15,0.9328587589317264,0.0017412528460063583,0.9241063112141109,0.01156288491113231,0.00900787182592846,0.011815702312871072
gini,12.0,20,0.9297865817689814,0.0021008211424034494,0.9239466467151038,0.00994191759610299,0.0068618958449012,0.010543404925466095
gini,12.0,30,0.9225496429945167,0.0024779963535311676,0.9176093626809368,0.010125029472998925,0.008390639169326164,0.010521984713807215
gini,12.0,50,0.9187485487817826,0.002143009946821625,0.9097586691645697,0.012510759137885855,0.008989879617212959,0.011982349795989413
gini,12.0,75,0.9089320316556044,0.008070666687010416,0.9017799409822957,0.014956528771486666,0.010652706347808193,0.011413428882428182
gini,12.0,100,0.8924799098306746,0.01058408536923211,0.8890127083917212,0.02130927509870011,0.008597229237006699,0.009883954753011051
gini,12.0,150,0.8704511261565369,0.006446653989368469,0.863316448400132,0.015343386456224002,0.011702787589747365,0.01085197642533292
gini,12.0,200,0.8521002657019838,0.006187750840242612,0.8460324733616138,0.01900988305353725,0.010114167437471044,0.011584993538765203
gini,12.0,300,0.8149231797915772,0.010020318778120789,0.8066696049983493,0.020784905395675696,0.015020380600670302,0.008554392595130364
gini,12.0,500,0.791320993749653,0.007455003238500533,0.7839144876059638,0.014377875758836478,0.016226675364734388,0.011997622166447768
gini,12.0,750,0.7911166402612423,0.0066115040877843066,0.7862178765017347,0.013805731027137537,0.015428296478312852,0.011539491778219899
gini,12.0,1000,0.7785473516914194,0.003362178257498937,0.7718001702980011,0.014023759520017644,0.014947270326907968,0.009882073380570617
gini,,2,0.9692585662206608,0.0015956842323407478,0.8766165728582935,0.006883935489688989,0.0926419933623673,0.005564778590194659
gini,,3,0.9572116095299823,0.0020369134977595246,0.8969193807066222,0.008452787498227256,0.0602922288233599,0.009390428185261385
gini,,5,0.946390443377321,0.00212176873678858,0.9198995926684279,0.009259022388104927,0.026490850708892965,0.01017523710978132
gini,,7,0.9421691859431036,0.002050991339896838,0.9289406434970825,0.00781558867512777,0.013228542446021096,0.009689922974056799
gini,,10,0.9389140366507711,0.0012004592024831857,0.927494533054146,0.008219051545215244,0.011419503596625136,0.009083520062464117
gini,,15,0.9339263874894692,0.0020920777513033697,0.9247376349382552,0.012083600199251766,0.009188752551214074,0.012077737587754477
gini,,20,0.9300451596816192,0.0016461786794077407,0.9238239615709396,0.009911381424522015,0.006968204206056705,0.01048311925931388
gini,,30,0.9226628143400726,0.0024502512509332075,0.9184658869616756,0.010323347882561555,0.007751757224603262,0.010892689019429906
gini,,50,0.9187485487817826,0.002143009946821625,0.9097586691645697,0.012510759137885855,0.008989879617212959,0.011982349795989413
gini,,75,0.9089320316556044,0.008070666687010416,0.9017799409822957,0.014956528771486666,0.010652706347808193,0.011413428882428182
gini,,100,0.8924799098306746,0.01058408536923211,0.8890127083917212,0.02130927509870011,0.008597229237006699,0.009883954753011051
gini,,150,0.8704511261565369,0.006446653989368469,0.863316448400132,0.015343386456224002,0.011702787589747365,0.01085197642533292
gini,,200,0.8521002657019838,0.006187750840242612,0.8460324733616138,0.01900988305353725,0.010114167437471044,0.011584993538765203
gini,,300,0.8149231797915772,0.010020318778120789,0.8066696049983493,0.020784905395675696,0.015020380600670302,0.008554392595130364
gini,,500,0.791320993749653,0.007455003238500533,0.7839144876059638,0.014377875758836478,0.016226675364734388,0.011997622166447768
gini,,750,0.7911166402612423,0.0066115040877843066,0.7862178765017347,0.013805731027137537,0.015428296478312852,0.011539491778219899
gini,,1000,0.7785473516914194,0.003362178257498937,0.7718001702980011,0.014023759520017644,0.014947270326907968,0.009882073380570617
gini,7.0,5,0.9210450496131415,0.001027085846641437,0.9165607184678818,0.01174362108589416,0.007833744402171106,0.010726595854119142
gini,7.0,6,0.9209174762651371,0.0011443192581657366,0.9172632265571684,0.012151438144503264,0.008663825839462258,0.01036951620718206
gini,7.0,7,0.9208564930541275,0.001113670237583733,0.917345528084019,0.012170266120872747,0.008645606150438278,0.010392416630844512
gini,7.0,8,0.9205172514996978,0.0006282054238728825,0.9170055294244566,0.012866910140349143,0.008387925141472907,0.010765470392670463
gini,7.0,9,0.920570171200119,0.0006743733686865582,0.917276669655023,0.013004755972219229,0.008606145671617948,0.01069372182978893
gini,7.0,10,0.9201841298985602,0.000704588488628619,0.9157956812432474,0.012510562687676306,0.008182559056317618,0.011095967463021454
gini,7.0,11,0.9201077512487095,0.0007458372414675208,0.9156161022445766,0.012239346492208758,0.007950242195528002,0.010850549411150103
gini,7.0,12,0.9199705370578991,0.0011263041552807402,0.9148901464283818,0.012312198848412703,0.007983948806790032,0.011705988719862987
gini,7.0,13,0.9197107067328467,0.0011147296582171805,0.9151523414668283,0.012413883511346126,0.007954088950668181,0.011722974938667733
gini,7.0,15,0.9193376637787629,0.0014280141786210054,0.9151394014085291,0.012480042445061524,0.008409070005896168,0.011506295191356288
gini,8.0,6,0.9250664389305943,0.001882524282391416,0.917855310665962,0.011006664948747741,0.00734830084523872,0.011887372616075179
gini,8.0,8,0.9255360798043997,0.0007099608294256969,0.9179268067621361,0.011927756842650964,0.0076092730422634425,0.011986141945869055
gini,8.0,9,0.9254549848264121,0.0007735671297020596,0.9181483322725701,0.011976254076897834,0.0074279135632306925,0.011821610752883977
gini,8.0,11,0.9250015875228172,0.0007516014318850654,0.9165425646746972,0.01138367651024235,0.008459022848119946,0.01151249570648641
gini,8.0,12,0.9246661428516404,0.0009286976899981762,0.915865464062591,0.011561811183219355,0.008800678789049443,0.011952654132441745
gini,8.0,13,0.9241805508215007,0.0009756967633998726,0.915641341454057,0.012065911807025152,0.008539209367443656,0.012661381622776252
gini,9.0,5,0.9293893004926558,0.0014598467123836177,0.9202879919821001,0.011083663708786868,0.009101308510555683,0.011260722578296117
gini,9.0,6,0.9285479196067946,0.0018119140276872743,0.9217589826850305,0.011541082092504262,0.0073917553788750865,0.011715762851143343
gini,9.0,7,0.9285681573478485,0.0018783945828494968,0.9223978675003621,0.011947778439891858,0.0076425355449054825,0.011577431296125821
gini,9.0,8,0.9279220067570074,0.0017035458178112047,0.9219466390842366,0.012914936181696493,0.007576152502583011,0.011865238500242037
gini,9.0,9,0.9276225221590195,0.0020699792555367107,0.9212006648992228,0.012622870342391793,0.007832230847211075,0.011659397397847722
gini,9.0,10,0.9280631556654422,0.0029989040048941213,0.920266091925663,0.012844993704629786,0.008313542462451463,0.011691819958732504
gini,9.0,11,0.9278818177809519,0.002913588032852457,0.9203347727800055,0.012772556403309501,0.00828212543698641,0.011387689345856352
gini,9.0,12,0.9273552504412048,0.002789835386947843,0.919175043297163,0.013873440997647661,0.008711057339967243,0.012752535514698576
gini,9.0,13,0.9268696354880742,0.0031723250010978607,0.9191615266797589,0.014604985822595958,0.009354936433148397,0.012940293651580411
gini,9.0,15,0.9264749733586999,0.0030415940307623717,0.9194436505243567,0.014101341661685158,0.008175269142858977,0.012602484509658266
gini,10.0,6,0.9311437810214318,0.0031537134671028705,0.9252605161598788,0.014110428441489773,0.007661338705646892,0.012757338423878833
gini,10.0,8,0.9305212890204189,0.0036289075784031797,0.9252564052550438,0.01399763956958629,0.0070722030402955,0.011820382979656895
gini,10.0,9,0.9310021763371866,0.0029271405155621823,0.9237329337110989,0.013841848856837827,0.008469261376234893,0.01103457699001431
gini,10.0,11,0.9301042087821797,0.002536866086392796,0.9214525331457031,0.012511481627183177,0.00865167563647653,0.01085889446119153
gini,10.0,12,0.9293683687327047,0.0023892023845629687,0.920323749704885,0.01413315237052562,0.00916073137381188,0.012543972159129826
gini,10.0,13,0.9288042639022448,0.002622711002668552,0.9204319457297846,0.015034165975349805,0.01036234075684168,0.012356946256975055
gini,11.0,5,0.9365459772127427,0.001730104140675449,0.9277600296814474,0.011780351016552676,0.009424354419200665,0.012320032578745296
gini,11.0,6,0.9371391871286014,0.0011311714195559835,0.9282493965321089,0.010881750555389926,0.008889790596492442,0.01149280859665095
gini,11.0,7,0.9367854836937097,0.0012564254866937678,0.9286822421364374,0.010834760653808945,0.008103241557272444,0.011329854790769534
gini,11.0,8,0.9358472143554465,0.0009654623035813527,0.9281991496645811,0.011675912335321495,0.007648064690865342,0.011297991745938152
gini,11.0,9,0.9354228204437309,0.000919215054588272,0.9268476530083261,0.01153537589000927,0.008791074630638796,0.010787591897075779
gini,11.0,10,0.9349708445333201,0.0009740942569526427,0.9254508628844821,0.010979199207936375,0.00978563493243303,0.010222534986085014
gini,11.0,11,0.9342752589264249,0.0005390748842021119,0.9243983230915631,0.010049892364187267,0.009876935834861534,0.0098787486808261
gini,11.0,12,0.9334486511624263,0.0006583678672958855,0.9233063420824081,0.011556661458909023,0.010142309080018452,0.011546705964282663
gini,11.0,13,0.9328613519984874,0.0003343353068933121,0.9235635789690543,0.011512311952681271,0.009661988624927153,0.011400500699865899
gini,11.0,15,0.931751110675286,0.0009331478753826046,0.9237202160852096,0.011040697879890423,0.008538960135256946,0.010786826407098275
gini,12.0,6,0.9390392939625224,0.001801889302351774,0.9308917088733324,0.008928636216810622,0.008147585089190001,0.010143843970944444
gini,12.0,8,0.937345226923496,0.0013240716746129129,0.9294596201021322,0.008904336440639838,0.007885606821363833,0.00913975839441188
gini,12.0,9,0.9365616710754054,0.0009856419748405778,0.9291777705062909,0.009411936704838716,0.008161893405099364,0.009133432914471374
gini,12.0,11,0.9350809414783272,0.0012099943550648619,0.9250352089552815,0.010543322094990095,0.010045732523045813,0.010780171821376486
gini,12.0,12,0.9342291906027868,0.0013824683925209896,0.9246470583602975,0.01082668697519819,0.009582132242489428,0.01122905395687727
gini,12.0,13,0.9336426830139242,0.0013078822854660057,0.9238575337823196,0.012017459355660934,0.010149364827098583,0.012398477247787676
gini,13.0,5,0.9415929900056744,0.0013161875286284183,0.9292429232694829,0.007903100466760411,0.012698762883271587,0.008552321859560966
gini,13.0,6,0.9400295251085827,0.0015829067549346253,0.9296985181777984,0.008109932595241265,0.010331006930784526,0.009585497806956769
gini,13.0,7,0.9392718184361275,0.0014866007534849737,0.9312879764803672,0.008111559091447607,0.008090535658314324,0.009308967076682021
gini,13.0,8,0.9380527605277512,0.0008058506532948544,0.9298588095067053,0.008624780999915616,0.008193951021045764,0.009018789978030853
gini,13.0,9,0.9373334333824884,0.0006380449085520626,0.9294595077298204,0.009407025231716782,0.008612305820719101,0.00925722382162306
gini,13.0,10,0.9365793544575911,0.0007514359892185708,0.9270623976759239,0.010466401651679549,0.009782610065262176,0.01049195715901225
gini,13.0,11,0.9356265149256654,0.0012395094915708304,0.9253622074414043,0.010548503869417533,0.010264307484261059,0.011082328266066291
gini,13.0,12,0.9347344765519047,0.0014246212519290133,0.9241525530302221,0.01144973402016232,0.010581923521682478,0.012031205008754816
gini,13.0,13,0.9340864916196446,0.0014441622014773317,0.9242977568285615,0.011366169133876886,0.010152950386577176,0.011850309806655995
gini,13.0,15,0.9330426888496067,0.0019716398332374993,0.9240268068663575,0.011727664621126012,0.009271306091562015,0.012069806663377236
gini,14.0,5,0.9424313772974371,0.0011447698439692004,0.9278323776816603,0.007549606534897006,0.014598999615776686,0.0084128570541691
gini,14.0,6,0.9404676451067886,0.0018340507896056459,0.9289093289077643,0.00811916149086724,0.011558316199024121,0.009854125672479843
gini,14.0,7,0.9399380746225852,0.0017751328873831795,0.9294909210798273,0.0074287113642495,0.010447153542757581,0.009008452324755492
gini,14.0,8,0.9385736446673958,0.0010422357322441879,0.9288324280040456,0.008493395638966988,0.009741216663350238,0.00908750749257206
gini,14.0,9,0.9377485012779768,0.0007643962092714726,0.9296061805459382,0.0095602487052444,0.008586270616248703,0.009533862805766697
gini,14.0,10,0.9371139169551658,0.0008821947914203948,0.9267800030191431,0.01040375284230232,0.010333913936022432,0.010615541104933535
gini,14.0,11,0.9361644938431567,0.0011550888869956547,0.9262250569071941,0.010008873574701024,0.00993943693596271,0.010499818871594502
gini,14.0,12,0.935345198234246,0.0010644408672395994,0.9246158698193685,0.011322034654482765,0.010729328414877393,0.011616508894245894
gini,14.0,13,0.9346566243263859,0.0009559255336992271,0.9244370994943563,0.012475240849154325,0.010708797738114794,0.012416367593236556
gini,14.0,15,0.9339263874894692,0.0020920777513033697,0.9247376349382552,0.012083600199251766,0.009188752551214074,0.012077737587754477
gini,15.0,5,0.9434566806245694,0.001616005219576188,0.9272404493822878,0.008095572177198421,0.016216231242281685,0.008915464237879317
gini,15.0,6,0.9415153695412165,0.002170345109636285,0.9287757350143263,0.006492210177127998,0.012739634526890331,0.008053749017026192
gini,15.0,7,0.9406264903701608,0.002097767597313176,0.9303366919276777,0.008071154803937936,0.010289798442483278,0.009507005248065036
gini,15.0,8,0.9392857720856472,0.0016865233913688632,0.9289585803787312,0.00845818193134649,0.010327191706915873,0.008985362194024295
gini,15.0,9,0.938396409459686,0.0013105934614614221,0.9298125226441579,0.009355097377774926,0.009027836699738435,0.009557919219741884
gini,15.0,10,0.938612134115217,0.0015875357135239723,0.9279388474486197,0.008608840620052318,0.01067328666659737,0.00967472128335198
gini,15.0,11,0.937600682902431,0.00190242367949388,0.9274139598799195,0.007805069871658479,0.0101867230225114,0.009018060237354407
gini,15.0,12,0.9365753783614235,0.0019454973833172918,0.9269842702446333,0.009106306386714115,0.009591108116790226,0.010119850764432978
gini,15.0,13,0.9357892947941296,0.0018356522684258724,0.926549037043622,0.009281742177425712,0.009729530656592877,0.010114755474026836
gini,15.0,15,0.9339252672742224,0.002092283170562919,0.9252589307266538,0.011046193832263433,0.008666336547568742,0.011055588623494216
gini,16.0,5,0.9441699738781519,0.0018341214466861965,0.9268839037209625,0.00711146263141818,0.017286070157189394,0.007868418405916225
gini,16.0,6,0.9423415174347687,0.0017676317013564837,0.9282583424518339,0.005906775527423286,0.014083174982934788,0.0070582063542219305
gini,16.0,7,0.9414913838805787,0.0014716853570822014,0.9299711735063301,0.007917637152419096,0.011520210374248796,0.008859083451540945
gini,16.0,8,0.9400466001969592,0.001248677831940641,0.9289915703972594,0.008780599889854517,0.011055029799699679,0.008768489191124513
gini,16.0,9,0.939166883849696,0.0009184945401720332,0.9298616121311163,0.009467230142038511,0.009676820336764402,0.009135751752915477
gini,16.0,10,0.9389964008753984,0.0010876244924139173,0.9278291194829809,0.008037031304762262,0.011167281392417605,0.008826652345426556
gini,16.0,11,0.937944204964914,0.0014574057478269713,0.927239489728209,0.00782464758155341,0.01070471523670491,0.008769376969113486
gini,16.0,12,0.9369635779844613,0.0015644967304106105,0.926423359694259,0.009409433626827947,0.010540218290202064,0.0102771568169927
gini,16.0,13,0.9361176953345176,0.0015526493766824772,0.9258158265612628,0.009319835559054258,0.01037437498123477,0.010329898242898853
gini,16.0,15,0.9339263874894692,0.0020920777513033697,0.9247376349382552,0.012083600199251766,0.009188752551214074,0.012077737587754477
gini,,6,0.943536255500659,0.002198537328218495,0.9238104594690126,0.006502766328088912,0.019725796031646304,0.008242495748325052
gini,,8,0.9404260982288128,0.001562076250179114,0.9280399885823443,0.007346615578676681,0.012386109646468645,0.008197376022603819
gini,,9,0.9395081035780153,0.001031070564241689,0.9300749449174699,0.00849713054875847,0.009804707278730219,0.008872093600925097
gini,,11,0.937944204964914,0.0014574057478269713,0.9267096078764944,0.008481354344978676,0.011234597088419762,0.009387920946666304
gini,,12,0.9369635779844613,0.0015644967304106105,0.926423359694259,0.009409433626827947,0.010540218290202064,0.0102771568169927
gini,,13,0.9361375117357078,0.001574102581223662,0.9261879315794088,0.009208658743018064,0.010438853062384124,0.009856118517329718
entropy,1.0,1,0.3707233349118406,0.0002090747386693254,0.37072341466155656,0.0008394270133828608,0.0008905248194765569,0.0005534610969454913
entropy,2.0,1,0.5798312210401901,0.0016415625931215083,0.5798139205931487,0.006561750186789934,0.006604999698803793,0.004865023660020671
entropy,3.0,1,0.8578280532791741,0.003689810772002801,0.8524640282605809,0.009106905822876911,0.009616411189236706,0.009488705404587922
entropy,4.0,1,0.9079855330537494,0.002125116969121803,0.9050009303763767,0.006276492045903496,0.005674447953240657,0.005487414091037545
entropy,5.0,1,0.9322490588839208,0.0018870239596765386,0.9291414397150872,0.007256249477543768,0.007359988175526922,0.005834014657039106
entropy,6.0,1,0.9396693216362261,0.002546768258785459,0.9327330702494756,0.006958444622977331,0.007966483122393297,0.007679574255286039
entropy,7.0,1,0.9450072912160122,0.0011271402901251195,0.9336973736790624,0.007033321551140232,0.011309917536949899,0.00787425951758093
entropy,8.0,1,0.9489100586776352,0.0010779086048514355,0.9347376717487504,0.007943563157346898,0.014172386928884806,0.008740106153661099
entropy,9.0,1,0.952182327441396,0.0015482625348337126,0.9326080095860521,0.0064529204345086496,0.019574317855344005,0.007806224842972256
entropy,10.0,1,0.9556100601926826,0.001547999564366375,0.9290486152691297,0.007678719073905085,0.026561444923552814,0.009197982812282726
entropy,11.0,1,0.9587283921180013,0.001152216974291969,0.9268925538411669,0.007974397598075871,0.03183583827683454,0.009062328939485057
entropy,12.0,1,0.9619256298206107,0.001180142917752276,0.922382638715342,0.0057960441033317,0.03954299110526862,0.006717533677810821
entropy,13.0,1,0.96461577788137,0.0009825408366169591,0.9200663247487111,0.007826099479528203,0.04454945313265888,0.008383483292694682
entropy,14.0,1,0.9672348642793092,0.0007692532256458574,0.9169004736353044,0.008368401285850724,0.0503343906440046,0.00873385585030593
entropy,15.0,1,0.9705595835620059,0.0014761238928716017,0.9126594958157664,0.005727038019624219,0.057900087746239406,0.006688708565230323
entropy,16.0,1,0.9743876083363124,0.001555754983031877,0.9080828987932849,0.007438931774314979,0.06630470954302774,0.00890030907681775
entropy,17.0,1,0.9772748679492137,0.0014373377872143173,0.902507816679871,0.007270062581051684,0.0747670512693426,0.008541648812226023
entropy,18.0,1,0.9816975781996724,0.002504607512316731,0.8984168133634082,0.00704150122271696,0.08328076483626423,0.009423451595823928
entropy,19.0,1,0.9849154108270689,0.0027142230125287116,0.8966990315846749,0.009860114624204904,0.08821637924239385,0.012484166608281713
entropy,20.0,1,0.9880149966194522,0.0029484879334978667,0.8908170893896573,0.00801918158379438,0.097197907229795,0.010385225930641409
entropy,21.0,1,0.9915659546486044,0.002220998805689874,0.8857715264751242,0.004714222015134226,0.10579442817348025,0.0066422554265222365
entropy,22.0,1,0.9941114587203959,0.0022769916140041903,0.8845542955141596,0.0060584289662564015,0.1095571632062364,0.007153049762304009
entropy,23.0,1,0.9964984883331425,0.0019231338992185553,0.8805504523607605,0.006277973119924392,0.1159480359723821,0.007050110289983484
entropy,24.0,1,0.9976660521236479,0.0016509199027108766,0.8830690587737215,0.008004322256572742,0.11459699334992639,0.009390301282011881
entropy,25.0,1,0.9986411309276567,0.0015366734805768193,0.8824685767721496,0.006942387991922488,0.11617255415550724,0.008176232947358043
entropy,26.0,1,0.9988518881408298,0.0014766541727935334,0.8818811786996534,0.0055726765137505616,0.11697070944117618,0.006718184544411766
entropy,27.0,1,0.9992732815097062,0.0012528878223422926,0.8821074665588682,0.005889372107291076,0.11716581495083782,0.00694487699240466
entropy,28.0,1,0.9994549193757265,0.0010901612485469502,0.8774581143437441,0.005551614030102113,0.12199680503198244,0.006114238011919352
entropy,29.0,1,0.999635781419698,0.0007284371606042228,0.8782827290548767,0.006455377329303591,0.12135305236482126,0.006942391105835753
entropy,30.0,1,0.9997986079807202,0.00040278403855973364,0.8782391681482178,0.00640020039795869,0.12155943983250239,0.0066610141542813505
entropy,,1,1.0,0.0,0.8785869519492486,0.006859225624442059,0.12141304805075144,0.006859225624442059
entropy,4.0,2,0.9079657421903763,0.0021232391778098036,0.9050009303763767,0.006276492045903496,0.005654657089867432,0.0055027955424111555
entropy,4.0,3,0.9079232714003845,0.0021449609224488296,0.9050009303763767,0.006276492045903496,0.005697127879859121,0.005511574142443947
entropy,4.0,5,0.9079232714003845,0.0021449609224488296,0.9050009303763767,0.006276492045903496,0.005697127879859121,0.005511574142443947
entropy,4.0,7,0.9079232714003845,0.0021449609224488296,0.9050009303763767,0.006276492045903496,0.005697127879859121,0.005511574142443947
entropy,4.0,10,0.9079232714003845,0.0021449609224488296,0.9050009303763767,0.006276492045903496,0.005697127879859121,0.005511574142443947
entropy,4.0,15,0.906616781906527,0.0024909576934074042,0.9039104290274071,0.005939418453214175,0.005620786693925894,0.005566148719637547
entropy,4.0,20,0.9060405116863646,0.002740794560828228,0.90297802355689,0.004850144863833283,0.005215485530875785,0.005549965808265921
entropy,4.0,30,0.9040379870446713,0.0033226742431062273,0.9013173827426598,0.006060168162309066,0.005171401184087765,0.0049409301399143575
entropy,4.0,50,0.9001463952099833,0.0033312128452092794,0.8984720489978842,0.0059111468111273085,0.0059550228929042825,0.004574838258166899
entropy,4.0,75,0.8961523118934155,0.004405623913504196,0.8932526788487319,0.007665658581335518,0.0054851519624636415,0.005442072219796776
entropy,4.0,100,0.8943145984780958,0.003929468132853892,0.8911452992401807,0.00967012811609342,0.00601298417341285,0.006230213739562176
entropy,4.0,150,0.8873983762007818,0.0026604195068076876,0.8847052571321099,0.013896880919759626,0.009418146379132653,0.009461240819332358
entropy,4.0,200,0.8688418318342741,0.0034408375157244275,0.8658940934643635,0.010991424480972619,0.009171920779881493,0.010359582636086287
entropy,4.0,300,0.843670312405181,0.0038311047027647562,0.84002352833367,0.009828830036123816,0.010826718795530899,0.008463672057025844
entropy,4.0,500,0.8335949794158154,0.0032105769272907933,0.8279272973722405,0.011338654731192737,0.014362545956447282,0.005721498131920871
entropy,4.0,750,0.6101365706750185,0.002410312932425256,0.6099088276444509,0.006910323589531771,0.005975320749089463,0.005027846374412316
entropy,4.0,1000,0.6101365706750185,0.002410312932425256,0.6099088276444509,0.006910323589531771,0.005975320749089463,0.005027846374412316
entropy,6.0,2,0.93928825147213,0.002536940541007782,0.9332169323822249,0.006778092990081934,0.006890854874752206,0.007586880213043699
entropy,6.0,3,0.938852187718479,0.0026377187830534934,0.9332842648116426,0.006705790723528327,0.007132373686386706,0.006887922454809972
entropy,6.0,5,0.9378833279446301,0.002417419100428491,0.9333136160060753,0.007566363910977095,0.006868834191996065,0.006945135557806105
entropy,6.0,7,0.9371856442014392,0.002364997305675302,0.9322931341643736,0.006978340264778567,0.006877003519268077,0.006632622345501818
entropy,6.0,10,0.9354386741711916,0.0020021936148306788,0.9325762546001899,0.008611086701547515,0.008255707485302377,0.00678679750327245
entropy,6.0,15,0.934294865441054,0.002773050190237675,0.9301692723095035,0.0079307734012547,0.008742843957915247,0.006181202122275871
entropy,6.0,20,0.9309150339550817,0.0037114039322620153,0.9267728442199967,0.007211806070184018,0.007527609627558452,0.007756754103855802
entropy,6.0,30,0.9276441315178042,0.0022325953515434553,0.9239629231712687,0.006702856237185183,0.005389214303699608,0.00594721057245622
entropy,6.0,50,0.9214366840863957,0.0027926773122387842,0.9172557769169337,0.006797271872849151,0.007746071033118374,0.006541110220043023
entropy,6.0,75,0.9150007136204741,0.005030340105348775,0.9107978469810092,0.005974826904706063,0.006114911075030749,0.004834761360843415
entropy,6.0,100,0.911637715989037,0.004643358110380238,0.9075176854663732,0.008858732585657027,0.00606310296637147,0.006594068946419845
entropy,6.0,150,0.9009765043198434,0.0023751877858888128,0.8981747388196479,0.013971526635944885,0.008545697684775245,0.010302611897851028
entropy,6.0,200,0.8823540801397438,0.004551173460709696,0.8807549206784838,0.012444018262545627,0.01064168848839484,0.00939651984433687
entropy,6.0,300,0.8541733394268677,0.004130727182302247,0.8506576938933487,0.01106480971275652,0.012789408592851225,0.008313369167702405
entropy,6.0,500,0.8335949794158154,0.0032105769272907933,0.8279272973722405,0.011338654731192737,0.014362545956447282,0.005721498131920871
entropy,6.0,750,0.6101365706750185,0.002410312932425256,0.6099088276444509,0.006910323589531771,0.005975320749089463,0.005027846374412316
entropy,6.0,1000,0.6101365706750185,0.002410312932425256,0.6099088276444509,0.006910323589531771,0.005975320749089463,0.005027846374412316
entropy,8.0,2,0.9462196614280985,0.001164620305340432,0.9334291811086359,0.007968657465837114,0.012790480319462772,0.009125485513877712
entropy,8.0,3,0.9455708991587424,0.0011339684857730073,0.9340625045472404,0.008918458200589398,0.011508394611501837,0.010032869118336632
entropy,8.0,5,0.9434445228418552,0.0013005959372330129,0.9361919286357601,0.008766607281588915,0.007764353235510368,0.009614337775347955
entropy,8.0,7,0.942357773879937,0.0012212897844603502,0.9357188636198689,0.006690161643206295,0.006642747712705477,0.007866651121275882
entropy,8.0,10,0.941092311805807,0.0015157203930183517,0.9366638469879407,0.007972522607108644,0.007319468953340768,0.007268220147081453
entropy,8.0,15,0.9386586366369121,0.0024471629112001268,0.9333913364654659,0.007223541012876885,0.008462614910894506,0.006365537131375912
entropy,8.0,20,0.9342426168108077,0.0032185671986638973,0.9296193828209951,0.006909085026535364,0.00669451057655992,0.008540101333247865
entropy,8.0,30,0.9285201210400768,0.0015758995725638715,0.924640326969253,0.00718140054496131,0.005550496613344303,0.00655270645852971
entropy,8.0,50,0.9214366840863957,0.0027926773122387842,0.9172557769169337,0.006797271872849151,0.007746071033118374,0.006541110220043023
entropy,8.0,75,0.9150007136204741,0.005030340105348775,0.9107978469810092,0.005974826904706063,0.006114911075030749,0.004834761360843415
entropy,8.0,100,0.911637715989037,0.004643358110380238,0.9075176854663732,0.008858732585657027,0.00606310296637147,0.006594068946419845
entropy,8.0,150,0.9009765043198434,0.0023751877858888128,0.8981747388196479,0.013971526635944885,0.008545697684775245,0.010302611897851028
entropy,8.0,200,0.8823540801397438,0.004551173460709696,0.8807549206784838,0.012444018262545627,0.01064168848839484,0.00939651984433687
entropy,8.0,300,0.8541733394268677,0.004130727182302247,0.8506576938933487,0.01106480971275652,0.012789408592851225,0.008313369167702405
entropy,8.0,500,0.8335949794158154,0.0032105769272907933,0.8279272973722405,0.011338654731192737,0.014362545956447282,0.005721498131920871
entropy,8.0,750,0.6101365706750185,0.002410312932425256,0.6099088276444509,0.006910323589531771,0.005975320749089463,0.005027846374412316
entropy,8.0,1000,0.6101365706750185,0.002410312932425256,0.6099088276444509,0.006910323589531771,0.005975320749089463,0.005027846374412316
entropy,10.0,2,0.9511402930761449,0.0012950578878774836,0.9281860826815382,0.0076387578497818685,0.022954210394606635,0.00886174129061569
entropy,10.0,3,0.9491169575811977,0.001113522632055786,0.9284803715672083,0.010865087839748367,0.020636586013989412,0.01186256714828234
entropy,10.0,5,0.9455754109327106,0.0019012847447471334,0.9348164190651058,0.008571160243118447,0.010758991867604806,0.010336277689095782
entropy,10.0,7,0.9435584523245527,0.0015175170387159236,0.9363648727233759,0.007271939427009822,0.007457541335546369,0.008440890144776853
entropy,10.0,10,0.9415668339942099,0.0019801779954288098,0.9372674870153913,0.007596329526137409,0.007577945947590781,0.006862203127089854
entropy,10.0,15,0.9387010732535407,0.0024220121056470435,0.9333055935831233,0.007157998390999349,0.00833443541192338,0.006520613223130405
entropy,10.0,20,0.9342426168108077,0.0032185671986638973,0.9296193828209951,0.006909085026535364,0.00669451057655992,0.008540101333247865
entropy,10.0,30,0.9285201210400768,0.0015758995725638715,0.924640326969253,0.00718140054496131,0.005550496613344303,0.00655270645852971
entropy,10.0,50,0.9214366840863957,0.0027926773122387842,0.9172557769169337,0.006797271872849151,0.007746071033118374,0.006541110220043023
entropy,10.0,75,0.9150007136204741,0.005030340105348775,0.9107978469810092,0.005974826904706063,0.006114911075030749,0.004834761360843415
entropy,10.0,100,0.911637715989037,0.004643358110380238,0.9075176854663732,0.008858732585657027,0.00606310296637147,0.006594068946419845
entropy,10.0,150,0.9009765043198434,0.0023751877858888128,0.8981747388196479,0.013971526635944885,0.008545697684775245,0.010302611897851028
entropy,10.0,200,0.8823540801397438,0.004551173460709696,0.8807549206784838,0.012444018262545627,0.01064168848839484,0.00939651984433687
entropy,10.0,300,0.8541733394268677,0.004130727182302247,0.8506576938933487,0.01106480971275652,0.012789408592851225,0.008313369167702405
entropy,10.0,500,0.8335949794158154,0.0032105769272907933,0.8279272973722405,0.011338654731192737,0.014362545956447282,0.005721498131920871
entropy,10.0,750,0.6101365706750185,0.002410312932425256,0.6099088276444509,0.006910323589531771,0.005975320749089463,0.005027846374412316
entropy,10.0,1000,0.6101365706750185,0.002410312932425256,0.6099088276444509,0.006910323589531771,0.005975320749089463,0.005027846374412316
entropy,12.0,2,0.9550739908293784,0.001129348988144505,0.9229907133357041,0.008135236107551933,0.03208327749367405,0.008890687916447558
entropy,12.0,3,0.9515746938092585,0.0008262471954336475,0.9268111647257479,0.008357640785075785,0.024763529083510583,0.009073506604284146
entropy,12.0,5,0.9460920772707017,0.0015570757552775762,0.9329894277139517,0.0074659136584835474,0.01310264955675009,0.008956421646809338
entropy,12.0,7,0.9435193026817309,0.0015408197232551623,0.9363098152043646,0.007423816294719049,0.007663253814227966,0.008474299570325203
entropy,12.0,10,0.9415690681320237,0.0019770734876373266,0.9371881070660646,0.007460572684758967,0.007337876720452985,0.006969907105255602
entropy,12.0,15,0.9387013858480646,0.002421671195684657,0.9333089943775669,0.0068843632406325106,0.008016155538922098,0.006593839686918575
entropy,12.0,20,0.9342223332070635,0.0031819453193718773,0.9296193828209951,0.006909085026535364,0.006674226972815922,0.008500460256802997
entropy,12.0,30,0.9286835898396246,0.0017376096133725454,0.9248825618771128,0.00673884188609807,0.0054717305050322905,0.006398420562377647
entropy,12.0,50,0.9214366840863957,0.0027926773122387842,0.9172557769169337,0.006797271872849151,0.007746071033118374,0.006541110220043023
entropy,12.0,75,0.9150007136204741,0.005030340105348775,0.9107978469810092,0.005974826904706063,0.006114911075030749,0.004834761360843415
entropy,12.0,100,0.911637715989037,0.004643358110380238,0.9075176854663732,0.008858732585657027,0.00606310296637147,0.006594068946419845
entropy,12.0,150,0.9009765043198434,0.0023751877858888128,0.8981747388196479,0.013971526635944885,0.008545697684775245,0.010302611897851028
entropy,12.0,200,0.8823540801397438,0.004551173460709696,0.8807549206784838,0.012444018262545627,0.01064168848839484,0.00939651984433687
entropy,12.0,300,0.8541733394268677,0.004130727182302247,0.8506576938933487,0.01106480971275652,0.012789408592851225,0.008313369167702405
entropy,12.0,500,0.8335949794158154,0.0032105769272907933,0.8279272973722405,0.011338654731192737,0.014362545956447282,0.005721498131920871
entropy,12.0,750,0.6101365706750185,0.002410312932425256,0.6099088276444509,0.006910323589531771,0.005975320749089463,0.005027846374412316
entropy,12.0,1000,0.6101365706750185,0.002410312932425256,0.6099088276444509,0.006910323589531771,0.005975320749089463,0.005027846374412316
entropy,,2,0.9757161495013479,0.000685161981895646,0.878570690437073,0.0062824025943811115,0.09714545906427466,0.00667095833961362
entropy,,3,0.9641621931772507,0.002150937038689527,0.8932668982284795,0.009329355271646087,0.0708952949487713,0.009722894422314712
entropy,,5,0.9499152410694987,0.0017556678974971211,0.9174557864563944,0.006328456422042771,0.03245945461310418,0.007952492430312529
entropy,,7,0.9447588896059427,0.0013796999672330435,0.9307429003299019,0.008344309795915423,0.01401598927604084,0.009686777493692256
entropy,,10,0.9416239687671053,0.0019860350821171114,0.9355179046791333,0.0069574926161121665,0.007865427299628958,0.00707406019049837
entropy,,15,0.9387013858480646,0.002421671195684657,0.9333089943775669,0.0068843632406325106,0.008016155538922098,0.006593839686918575
entropy,,20,0.9342426168108077,0.0032185671986638973,0.9296193828209951,0.006909085026535364,0.00669451057655992,0.008540101333247865
entropy,,30,0.9285201210400768,0.0015758995725638715,0.924640326969253,0.00718140054496131,0.005550496613344303,0.00655270645852971
entropy,,50,0.9214366840863957,0.0027926773122387842,0.9172557769169337,0.006797271872849151,0.007746071033118374,0.006541110220043023
entropy,,75,0.9150007136204741,0.005030340105348775,0.9107978469810092,0.005974826904706063,0.006114911075030749,0.004834761360843415
entropy,,100,0.911637715989037,0.004643358110380238,0.9075176854663732,0.008858732585657027,0.00606310296637147,0.006594068946419845
entropy,,150,0.9009765043198434,0.0023751877858888128,0.8981747388196479,0.013971526635944885,0.008545697684775245,0.010302611897851028
entropy,,200,0.8823540801397438,0.004551173460709696,0.8807549206784838,0.012444018262545627,0.01064168848839484,0.00939651984433687
entropy,,300,0.8541733394268677,0.004130727182302247,0.8506576938933487,0.01106480971275652,0.012789408592851225,0.008313369167702405
entropy,,500,0.8335949794158154,0.0032105769272907933,0.8279272973722405,0.011338654731192737,0.014362545956447282,0.005721498131920871
entropy,,750,0.6101365706750185,0.002410312932425256,0.6099088276444509,0.006910323589531771,0.005975320749089463,0.005027846374412316
entropy,,1000,0.6101365706750185,0.002410312932425256,0.6099088276444509,0.006910323589531771,0.005975320749089463,0.005027846374412316
entropy,7.0,5,0.9410755027180142,0.0015991204404364693,0.935326009984287,0.007779387664073906,0.007058578856050324,0.007898134375977894
entropy,7.0,6,0.9406877993319377,0.0014036310126694298,0.9352503704716246,0.007835601285575387,0.006881155078856072,0.007551911742600424
entropy,7.0,7,0.9400409343064169,0.0015963822997565082,0.934212779488439,0.007351044925392361,0.007136251410427641,0.007376448429732394
entropy,7.0,8,0.939366037974664,0.0018835618867916151,0.9351579374485673,0.008014046927279018,0.007492218329220446,0.0075674369601374854
entropy,7.0,9,0.9387526676156497,0.0020664872968995177,0.9348718274016499,0.007897474316520298,0.007792878746326504,0.007190016438534092
entropy,7.0,10,0.9386152676710935,0.001933922601541542,0.9344735955627506,0.007933524070007223,0.007928488584079019,0.00702558304297035
entropy,7.0,11,0.9380614062427194,0.0022049459641268546,0.9332690313892101,0.0074287253404842855,0.007947793207944165,0.007085524330353004
entropy,7.0,12,0.9378019394712892,0.002326664719037873,0.932909162962547,0.007727066381094855,0.008612633313241403,0.006783669946858587
entropy,7.0,13,0.9376558559501831,0.002369296343085847,0.9329687357332326,0.007897230151721432,0.00873743240849958,0.006708015964892772
entropy,7.0,15,0.9371913242906897,0.0028710631227546303,0.9322133771050316,0.007456483378129834,0.008707704649000326,0.006396346690472143
entropy,8.0,6,0.9429158046367873,0.0010484289951669923,0.9362661384717155,0.007844673071174634,0.006879060876994747,0.008629872640425989
entropy,8.0,8,0.9419416733322642,0.0015441740334033252,0.9376599898581313,0.007772445875141924,0.007179746472426141,0.007276523766053313
entropy,8.0,9,0.9415469928404929,0.0016996623602852541,0.9372081502558218,0.0077466938528012235,0.007297331252229955,0.007038178796414361
entropy,8.0,11,0.9404129217791368,0.001915092066983287,0.9361697601524798,0.008301751045546748,0.007934937446785684,0.007044344852286336
entropy,8.0,12,0.940072016550989,0.001974061033723368,0.9350656124532428,0.008308312732386572,0.008784211752223192,0.00673221094982813
entropy,8.0,13,0.9394923552590649,0.0018890929017892886,0.9343953235366798,0.007744366304638145,0.008294713940400466,0.006715184101588612
entropy,9.0,5,0.9448385257667955,0.001738320179562362,0.9365775297136812,0.009053555829735539,0.008477094637541694,0.010571570527183624
entropy,9.0,6,0.94403696533343,0.0014619162063295964,0.9366746109656315,0.00817162441376456,0.00759216523674513,0.009447401144294943
entropy,9.0,7,0.943229954026721,0.001617856181517738,0.9367052128057809,0.007206840123268317,0.007258919145567843,0.008203306915832983
entropy,9.0,8,0.9425686564749641,0.001998804127589706,0.9375820614102557,0.008012890292094588,0.008110961484709644,0.0075471213119721655
entropy,9.0,9,0.9421694781546351,0.0020487996881193835,0.9378977692281744,0.007566100747490434,0.007983798704964818,0.00644198322916601
entropy,9.0,10,0.9414826618445774,0.0020545284264990383,0.9372584707455938,0.007517008770875114,0.0074593457966970035,0.00691880600904764
entropy,9.0,11,0.9406149100370577,0.002274417253798498,0.936106183424509,0.007849195108205805,0.007703525823265211,0.007257118589623085
entropy,9.0,12,0.9401208198891968,0.002119755967456193,0.9348189005691083,0.008162422663356483,0.008627287142819972,0.00708856101199583
entropy,9.0,13,0.9396571660884252,0.0022334015212985892,0.9341518077040926,0.007419058626557468,0.008250600770602533,0.007093541727582027
entropy,9.0,15,0.9387013858480646,0.002421671195684657,0.9333089943775669,0.0068843632406325106,0.008016155538922098,0.006593839686918575
entropy,10.0,6,0.9448113065060241,0.0013260028781040597,0.9357703883716739,0.007390417352171433,0.009040918134350128,0.008592329234346864
entropy,10.0,8,0.9427625143828079,0.0018071620528626643,0.9372559291610765,0.007886847095747166,0.007858792778799795,0.007843004617563341
entropy,10.0,9,0.9422331240033983,0.002031458840557455,0.9376547056421456,0.007267287180429304,0.007639999663827157,0.006631361145172069
entropy,10.0,11,0.940435828878968,0.0023407847002663578,0.9355473747478588,0.007483339519559497,0.0075176172001780285,0.0073944858226338405
entropy,10.0,12,0.940141709519971,0.002098082636379498,0.935069491708479,0.00804269186939095,0.008536233546332239,0.006964905203741926
entropy,10.0,13,0.9396776580566868,0.002217264146028005,0.9345588923987684,0.007549664177746981,0.00831644787593373,0.006937126341227625
entropy,11.0,5,0.9458110280232734,0.0017552798857841392,0.9357149494879501,0.00867809944994915,0.010096078535323304,0.01028884575284737
entropy,11.0,6,0.9449862357878234,0.001219314742937171,0.936136570883377,0.008317452611044308,0.00889712615693201,0.00939588850846077
entropy,11.0,7,0.9436991460910908,0.001410184843897886,0.9358811912111372,0.0070934853661046415,0.008081916614323026,0.008234329425664865
entropy,11.0,8,0.9427862731808292,0.0018098869390812185,0.9375031820658833,0.008072320420511661,0.007956373434899144,0.007807238527778277
entropy,11.0,9,0.9422338680621092,0.0020303536105118767,0.9377396873259272,0.0072798570667947475,0.007565750883623568,0.006678411629439514
entropy,11.0,10,0.9415236308903252,0.001984419986045568,0.9372674870153913,0.007596329526137409,0.007621149051475618,0.006836920699023973
entropy,11.0,11,0.9404340621321955,0.0023423411911334836,0.9359566675470392,0.007723329459210932,0.007928676746130936,0.007059766455631691
entropy,11.0,12,0.9401678724479435,0.002141085519495853,0.9346576305542534,0.008291464648870766,0.00846567541847898,0.00767591348150867
entropy,11.0,13,0.9396571660884252,0.0022334015212985892,0.9343919614480211,0.007376676266763619,0.008010447026674106,0.007165855335180436
entropy,11.0,15,0.9387010732535407,0.0024220121056470435,0.9333055935831233,0.007157998390999349,0.00833443541192338,0.006520613223130405
entropy,12.0,6,0.9450915509288151,0.001211085227090634,0.9339783392545946,0.007182175790450632,0.011113211674220368,0.008337138143437249
entropy,12.0,8,0.9429316683125567,0.001745099730714544,0.9368709547914402,0.008468587188590693,0.008539939972734212,0.00822762028834785
entropy,12.0,9,0.9422509004573104,0.002027731582952026,0.9377405302859426,0.007278814068189375,0.007708047853712196,0.006560825906350467
entropy,12.0,11,0.9404340621321955,0.0023423411911334836,0.9360359136860202,0.007702824999574101,0.007849430607149887,0.007099709151528111
entropy,12.0,12,0.940168270110456,0.0021409427561288716,0.9345011322569474,0.008073240823332472,0.008308779458660643,0.007712570416438237
entropy,12.0,13,0.9396772980388233,0.0022175280386849154,0.9346352218092925,0.0077966667709236746,0.008554321058630498,0.006857437834772882
entropy,13.0,5,0.9464187794720298,0.0014994072824545228,0.9323252432890652,0.0076937083874006225,0.014093536182964495,0.008973110064686327
entropy,13.0,6,0.9453110738305288,0.0014286269223577964,0.9329335640084546,0.00846660010807489,0.012377509822074062,0.009811898475644957
entropy,13.0,7,0.9438243264810406,0.0015573120993733873,0.9353651850317604,0.00846507433786429,0.008582959599050066,0.009857856416440807
entropy,13.0,8,0.9429365713602902,0.0017420726519047824,0.9365550658242526,0.008359592934441426,0.008289996676045108,0.008574035632908919
entropy,13.0,9,0.9422978627071643,0.001988704646535736,0.9370208517248944,0.00700113254173174,0.007256860589101089,0.0069706443581465825
entropy,13.0,10,0.9415865319358712,0.0019529753728485851,0.9367873091064466,0.007159184055566993,0.006884314066256158,0.007252182764093236
entropy,13.0,11,0.9406353983288349,0.00225352375695625,0.9363527040740713,0.007985812582821763,0.007929558181050123,0.007083239965055622
entropy,13.0,12,0.9401678724479435,0.002141085519495853,0.9344972530017112,0.008337624105339276,0.008626052971021102,0.007633460443151609
entropy,13.0,13,0.9396568060705617,0.002233660204570528,0.9345488827356995,0.007576203778182924,0.00816772833221624,0.007118190979836237
entropy,13.0,15,0.9388030819522623,0.002372339025141443,0.9335578912806476,0.007398449302989798,0.00848472441072603,0.006348829518354841
entropy,14.0,5,0.9468097606115391,0.0018445062988097982,0.930995103838017,0.007931569561710707,0.015814656773522052,0.009610012005104356
entropy,14.0,6,0.9455581102447457,0.0014372572322011634,0.9315576032134908,0.007964654384034358,0.014000507031254727,0.00931197956764977
entropy,14.0,7,0.9439868134147934,0.0014492522042156746,0.9344051025600612,0.007799815194001579,0.009581710854732362,0.009242661424417665
entropy,14.0,8,0.9428927439150698,0.0017770753124773675,0.9364673838846331,0.00834308601959317,0.008510012412680124,0.00841128071434215
entropy,14.0,9,0.9423149944103028,0.0019851916456045796,0.9371008350135979,0.0069443293818013336,0.007087235250647539,0.007074141765032583
entropy,14.0,10,0.9416317057657307,0.0019444478468470547,0.9362985665625718,0.0069802634850691225,0.006726411442934577,0.007358777089867341
entropy,14.0,11,0.9404340621321955,0.0023423411911334836,0.9359566675470392,0.007723329459210932,0.007928676746130936,0.007059766455631691
entropy,14.0,12,0.9401664394879022,0.002142820128817341,0.9347501111466956,0.008359044992170269,0.008880344076046787,0.007275311216538224
entropy,14.0,13,0.9396568060705617,0.002233660204570528,0.9344691018023127,0.0075731786161212945,0.008247509265603137,0.007090200707981617
entropy,14.0,15,0.9388030819522623,0.002372339025141443,0.9337185753171079,0.007290674441502402,0.008324040374265596,0.006345674432057419
entropy,15.0,5,0.9471458879996719,0.0017081031659578908,0.9284483162687979,0.0070243476245911984,0.018697571730874118,0.008499961391690817
entropy,15.0,6,0.9455670674595253,0.001476193334041257,0.9316213431820902,0.007867436813889107,0.01394572427743528,0.00926184477077965
entropy,15.0,7,0.9440924770425465,0.001384718071258286,0.9343510472130715,0.007369559469672644,0.009741429829475012,0.00874026557180128
entropy,15.0,8,0.9427983319354695,0.0018131133699948146,0.9364738748414252,0.00814432084153193,0.008041875806100007,0.0085641269798103
entropy,15.0,9,0.9422973170699276,0.001959023849439902,0.9371818916872403,0.006960631476330854,0.006944506237118264,0.007155866724300719
entropy,15.0,10,0.9415762181287273,0.0019671732990059385,0.9362233069754273,0.006977371044000742,0.006746183393075511,0.007351024931350281
entropy,15.0,11,0.9404340621321955,0.0023423411911334836,0.9360359136860202,0.007702824999574101,0.007849430607149887,0.007099709151528111
entropy,15.0,12,0.9401664394879022,0.002142820128817341,0.9347501111466956,0.008359044992170269,0.008880344076046787,0.007275311216538224
entropy,15.0,13,0.9396772980388233,0.0022175280386849154,0.934795594619834,0.007741770703739213,0.008393948248088968,0.006912338128791309
entropy,15.0,15,0.9387013858480646,0.002421671195684657,0.9333089943775669,0.0068843632406325106,0.008016155538922098,0.006593839686918575
entropy,16.0,5,0.9474858467365361,0.0015646260993093639,0.9279511371696569,0.007334748807496529,0.019534709566879305,0.00874510208507706
entropy,16.0,6,0.9459607965634863,0.001312329496588602,0.9295390876434639,0.0076929951574609716,0.016421708920022215,0.008843212527585444
entropy,16.0,7,0.9442784548438794,0.0013847882955662948,0.9336473913561341,0.007873752464512461,0.01063106348774554,0.009203517123219486
entropy,16.0,8,0.9430088950143691,0.0017264107100858584,0.9355203651722741,0.008282174883558152,0.009151431930511222,0.008448277996841932
entropy,16.0,9,0.942344903400168,0.002022518346529162,0.9364689530424603,0.007334142679825872,0.008266259635797057,0.0069374490546485305
entropy,16.0,10,0.9416625135200558,0.0019812197623475807,0.9358347770881374,0.007153722868616483,0.00782215313935708,0.007057771869801148
entropy,16.0,11,0.9404934958248843,0.0022910014180675927,0.9357019511415118,0.0074536233822088465,0.007420707752441258,0.0074362103529572515
entropy,16.0,12,0.9401664394879022,0.002142820128817341,0.9347501111466956,0.008359044992170269,0.008880344076046787,0.007275311216538224
entropy,16.0,13,0.9396776580566868,0.002217264146028005,0.9346386733321553,0.007551750219547991,0.008236666942546832,0.006966521269146479
entropy,16.0,15,0.9387010732535407,0.0024220121056470435,0.9333055935831233,0.007157998390999349,0.00833443541192338,0.006520613223130405
entropy,,6,0.9465763405304901,0.001429909454775785,0.9230401586968302,0.009111348313502807,0.02353618183366004,0.010267730796924057
entropy,,8,0.9431183443539805,0.0017320314552114824,0.9333890678569151,0.009240989577436416,0.0112705339668852,0.009328882807075492
entropy,,9,0.9424543915926048,0.0019465609385616559,0.9355920513222846,0.006843287627324,0.008520948197806555,0.0066769538207411315
entropy,,11,0.9404340621321955,0.0023423411911334836,0.9359566675470392,0.007723329459210932,0.007928676746130936,0.007059766455631691
entropy,,12,0.9401664394879022,0.002142820128817341,0.9349104886992379,0.008308124815010906,0.008719966523504662,0.0073254111083302055
entropy,,13,0.9396568060705617,0.002233660204570528,0.934388509925158,0.007627105023506534,0.008328101142757772,0.0070700238418178185
